{
  "kmeans_cluster": {
    "cluster_0": {
      "size": 374,
      "percentage": 18.7,
      "numerical_stats": {
        "age": {
          "count": 374.0,
          "mean": 41.37967914438503,
          "std": 5.727522931567208,
          "min": 27.0,
          "25%": 38.0,
          "50%": 41.0,
          "75%": 45.75,
          "max": 59.0
        },
        "saving": {
          "count": 374.0,
          "mean": 46204.040897695435,
          "std": 14033.420334656552,
          "min": 8093.462668556924,
          "25%": 37788.27493984986,
          "50%": 45821.660140179694,
          "75%": 54708.379458423995,
          "max": 94261.77301931828
        },
        "net_worth": {
          "count": 374.0,
          "mean": 1273110.657454875,
          "std": 513336.75740963797,
          "min": 50000.0,
          "25%": 908522.9854271084,
          "50%": 1262908.111979244,
          "75%": 1616161.7042682033,
          "max": 2914455.2390041067
        },
        "risk_score": {
          "count": 374.0,
          "mean": 16.59331550802139,
          "std": 4.602445232120098,
          "min": 3.6,
          "25%": 13.7,
          "50%": 16.6,
          "75%": 19.775,
          "max": 30.2
        },
        "tenure": {
          "count": 374.0,
          "mean": 11.871657754010695,
          "std": 4.001956482712445,
          "min": 0.0,
          "25%": 9.0,
          "50%": 12.0,
          "75%": 15.0,
          "max": 24.0
        },
        "duration": {
          "count": 374.0,
          "mean": 82.93850267379679,
          "std": 27.169391465480977,
          "min": 3.0,
          "25%": 64.0,
          "50%": 83.0,
          "75%": 106.0,
          "max": 120.0
        },
        "freq": {
          "count": 374.0,
          "mean": 5.5828877005347595,
          "std": 1.98852639289426,
          "min": 1.0,
          "25%": 4.0,
          "50%": 6.0,
          "75%": 7.0,
          "max": 10.0
        },
        "roi": {
          "count": 374.0,
          "mean": 9.866951871657754,
          "std": 1.0674761961340595,
          "min": 7.4,
          "25%": 9.0725,
          "50%": 9.844999999999999,
          "75%": 10.675,
          "max": 12.01
        }
      },
      "goal_distribution": {
        "retirement": 173,
        "wealth": 159,
        "emergency": 42
      },
      "inv_type_distribution": {
        "real_estate": 118,
        "mutual": 102,
        "stocks": 77,
        "nps": 77
      }
    },
    "cluster_1": {
      "size": 442,
      "percentage": 22.1,
      "numerical_stats": {
        "age": {
          "count": 442.0,
          "mean": 28.312217194570135,
          "std": 5.347539334339803,
          "min": 18.0,
          "25%": 25.0,
          "50%": 28.0,
          "75%": 31.0,
          "max": 45.0
        },
        "saving": {
          "count": 442.0,
          "mean": 35362.247530285604,
          "std": 11402.910924751832,
          "min": 5000.0,
          "25%": 28457.912405305433,
          "50%": 35238.00184627425,
          "75%": 43305.48051772625,
          "max": 68220.48326751133
        },
        "net_worth": {
          "count": 442.0,
          "mean": 216933.78232908002,
          "std": 128590.12322671496,
          "min": 50000.0,
          "25%": 111292.1151770296,
          "50%": 210760.77485664733,
          "75%": 295491.9036293565,
          "max": 663101.6581880208
        },
        "risk_score": {
          "count": 442.0,
          "mean": 29.566289592760178,
          "std": 4.943670846623528,
          "min": 18.2,
          "25%": 26.0,
          "50%": 29.15,
          "75%": 32.675000000000004,
          "max": 45.2
        },
        "tenure": {
          "count": 442.0,
          "mean": 2.581447963800905,
          "std": 1.4903832873093694,
          "min": 0.0,
          "25%": 1.0,
          "50%": 3.0,
          "75%": 4.0,
          "max": 8.0
        },
        "duration": {
          "count": 442.0,
          "mean": 17.89366515837104,
          "std": 8.967313061500398,
          "min": 3.0,
          "25%": 12.0,
          "50%": 17.0,
          "75%": 23.0,
          "max": 61.0
        },
        "freq": {
          "count": 442.0,
          "mean": 15.366515837104073,
          "std": 3.9176976308165985,
          "min": 5.0,
          "25%": 12.0,
          "50%": 15.0,
          "75%": 18.0,
          "max": 24.0
        },
        "roi": {
          "count": 442.0,
          "mean": 14.103235294117647,
          "std": 1.709461382020659,
          "min": 11.21,
          "25%": 12.62,
          "50%": 13.605,
          "75%": 15.6575,
          "max": 17.66
        }
      },
      "goal_distribution": {
        "wealth": 285,
        "vacation": 85,
        "education": 71,
        "retirement": 1
      },
      "inv_type_distribution": {
        "crypto": 190,
        "stocks": 163,
        "etf": 80,
        "mutual": 9
      }
    },
    "cluster_2": {
      "size": 643,
      "percentage": 32.15,
      "numerical_stats": {
        "age": {
          "count": 643.0,
          "mean": 32.82892690513219,
          "std": 6.824363304840656,
          "min": 18.0,
          "25%": 28.0,
          "50%": 33.0,
          "75%": 37.0,
          "max": 57.0
        },
        "saving": {
          "count": 643.0,
          "mean": 25435.32029079292,
          "std": 8157.176941805057,
          "min": 5000.0,
          "25%": 19925.513917125045,
          "50%": 25542.7081113355,
          "75%": 31027.972973799428,
          "max": 58436.71634647876
        },
        "net_worth": {
          "count": 643.0,
          "mean": 377094.13967094885,
          "std": 197609.5953969983,
          "min": 50000.0,
          "25%": 238208.12286329264,
          "50%": 366029.5284644539,
          "75%": 502551.64010986,
          "max": 1098880.045834142
        },
        "risk_score": {
          "count": 643.0,
          "mean": 18.85054432348367,
          "std": 4.320300430429514,
          "min": 7.1,
          "25%": 15.850000000000001,
          "50%": 18.9,
          "75%": 21.7,
          "max": 32.7
        },
        "tenure": {
          "count": 643.0,
          "mean": 4.230171073094867,
          "std": 2.071891200873855,
          "min": 0.0,
          "25%": 3.0,
          "50%": 4.0,
          "75%": 5.5,
          "max": 11.0
        },
        "duration": {
          "count": 643.0,
          "mean": 32.578538102643854,
          "std": 15.026186064383026,
          "min": 3.0,
          "25%": 22.0,
          "50%": 32.0,
          "75%": 43.0,
          "max": 80.0
        },
        "freq": {
          "count": 643.0,
          "mean": 7.567651632970451,
          "std": 2.948099116687881,
          "min": 1.0,
          "25%": 6.0,
          "50%": 8.0,
          "75%": 10.0,
          "max": 15.0
        },
        "roi": {
          "count": 643.0,
          "mean": 10.508802488335926,
          "std": 1.2064020410312601,
          "min": 7.56,
          "25%": 9.985,
          "50%": 10.57,
          "75%": 11.055,
          "max": 15.29
        }
      },
      "goal_distribution": {
        "education": 271,
        "wealth": 255,
        "retirement": 108,
        "vacation": 7,
        "emergency": 2
      },
      "inv_type_distribution": {
        "mutual": 279,
        "etf": 188,
        "gold": 113,
        "stocks": 36,
        "crypto": 20,
        "real_estate": 3,
        "fd": 3,
        "ppf": 1
      }
    },
    "cluster_3": {
      "size": 541,
      "percentage": 27.05,
      "numerical_stats": {
        "age": {
          "count": 541.0,
          "mean": 49.03512014787431,
          "std": 7.887441109387522,
          "min": 24.0,
          "25%": 43.0,
          "50%": 49.0,
          "75%": 54.0,
          "max": 75.0
        },
        "saving": {
          "count": 541.0,
          "mean": 15781.14600041319,
          "std": 5540.14381749937,
          "min": 5000.0,
          "25%": 12144.105051086017,